{"AUS":{"KTOE":5570.8052280702,"PC_PRYENRGSUPPLY":7.4428070175},"AUT":{"KTOE":5026.8416842105,"PC_PRYENRGSUPPLY":19.42},"BEL":{"KTOE":742.0246842105,"PC_PRYENRGSUPPLY":1.3478947368},"CAN":{"KTOE":33343.3693157895,"PC_PRYENRGSUPPLY":16.3938596491},"CHE":{"KTOE":3683.7647719298,"PC_PRYENRGSUPPLY":18.2328070175},"CHL":{"KTOE":5168.2920217391,"PC_PRYENRGSUPPLY":26.9880434783},"CZE":{"KTOE":1434.6647608696,"PC_PRYENRGSUPPLY":3.3026086957},"DEU":{"KTOE":10078.523122807,"PC_PRYENRGSUPPLY":3.1459649123},"DNK":{"KTOE":1443.9686315789,"PC_PRYENRGSUPPLY":7.8831578947},"ESP":{"KTOE":6045.9965087719,"PC_PRYENRGSUPPLY":6.9836842105},"EST":{"KTOE":582.8922592593,"PC_PRYENRGSUPPLY":10.6577777778},"FIN":{"KTOE":6327.3545789474,"PC_PRYENRGSUPPLY":26.1038596491},"FRA":{"KTOE":14317.1264035088,"PC_PRYENRGSUPPLY":6.8535087719},"GBR":{"KTOE":2484.845,"PC_PRYENRGSUPPLY":1.2642105263},"GRC":{"KTOE":1063.3286315789,"PC_PRYENRGSUPPLY":5.3249122807},"HUN":{"KTOE":1045.5623846154,"PC_PRYENRGSUPPLY":4.2509615385},"IRL":{"KTOE":239.2673508772,"PC_PRYENRGSUPPLY":2.0989473684},"ISL":{"KTOE":1808.8313333333,"PC_PRYENRGSUPPLY":64.1643859649},"ISR":{"KTOE":400.1660869565,"PC_PRYENRGSUPPLY":2.3008695652},"ITA":{"KTOE":10352.5054035088,"PC_PRYENRGSUPPLY":7.7721052632},"JPN":{"KTOE":12293.6414736842,"PC_PRYENRGSUPPLY":3.4603508772},"KOR":{"KTOE":930.6695434783,"PC_PRYENRGSUPPLY":0.6113043478},"LTU":{"KTOE":789.7287307692,"PC_PRYENRGSUPPLY":9.5384615385},"LUX":{"KTOE":44.5893684211,"PC_PRYENRGSUPPLY":1.1815789474},"LVA":{"KTOE":1350.8585925926,"PC_PRYENRGSUPPLY":29.7677777778},"MEX":{"KTOE":13319.5213695652,"PC_PRYENRGSUPPLY":10.8130434783},"NLD":{"KTOE":1013.9607017544,"PC_PRYENRGSUPPLY":1.6458695652},"NOR":{"KTOE":9127.8279649123,"PC_PRYENRGSUPPLY":44.8038596491},"NZL":{"KTOE":4018.139754386,"PC_PRYENRGSUPPLY":31.9928070175},"OECD":{"KTOE":300460.325652174,"PC_PRYENRGSUPPLY":6.3026086957},"POL":{"KTOE":3029.3165263158,"PC_PRYENRGSUPPLY":3.1654385965},"PRT":{"KTOE":2668.3302631579,"PC_PRYENRGSUPPLY":19.5505263158},"SVK":{"KTOE":613.806826087,"PC_PRYENRGSUPPLY":3.4741304348},"SVN":{"KTOE":789.6494444444,"PC_PRYENRGSUPPLY":11.8314814815},"SWE":{"KTOE":11210.6340175439,"PC_PRYENRGSUPPLY":25.8822807018},"TUR":{"KTOE":9231.6043859649,"PC_PRYENRGSUPPLY":23.7084210526},"USA":{"KTOE":90811.8453508772,"PC_PRYENRGSUPPLY":4.8059649123}}